"Status","Start Time","Stop Time","Duration in ms","Parent Suite","Suite","Sub Suite","Test Class","Test Method","Name","Description"
"passed","Sun Sep 11 21:57:10 IST 2022","Sun Sep 11 21:57:11 IST 2022","222","V1","Worksheets","","","","{id}",""
"passed","Sun Sep 11 21:56:59 IST 2022","Sun Sep 11 21:56:59 IST 2022","230","V1","Teams","","","","membersWrongTeam",""
"passed","Sun Sep 11 21:57:08 IST 2022","Sun Sep 11 21:57:08 IST 2022","195","V1","QuizSurveys","","","","Next question",""
"passed","Sun Sep 11 21:56:53 IST 2022","Sun Sep 11 21:56:54 IST 2022","285","V1","Course Topics","","","","Update User Progresss",""
"passed","Sun Sep 11 21:56:57 IST 2022","Sun Sep 11 21:56:58 IST 2022","279","V1","Videos","","","","{id}",""
"passed","Sun Sep 11 21:57:05 IST 2022","Sun Sep 11 21:57:05 IST 2022","262","V1","Faqs","","","","{id}",""
"passed","Sun Sep 11 21:56:36 IST 2022","Sun Sep 11 21:56:37 IST 2022","384","V1","Students","","","","LoginAfterRegister",""
"passed","Sun Sep 11 21:56:43 IST 2022","Sun Sep 11 21:56:43 IST 2022","231","V1","Mentors","","","","{id}",""
"passed","Sun Sep 11 21:57:06 IST 2022","Sun Sep 11 21:57:07 IST 2022","225","V1","Quiz","","","","Next question",""
"passed","Sun Sep 11 21:56:41 IST 2022","Sun Sep 11 21:56:42 IST 2022","273","V1","Mentors","","","","updatePassword",""
"passed","Sun Sep 11 21:56:46 IST 2022","Sun Sep 11 21:56:47 IST 2022","312","V1","Evaluater","","","","Logout",""
"passed","Sun Sep 11 21:56:34 IST 2022","Sun Sep 11 21:56:34 IST 2022","314","V1","Admins","","","","DynamicSignupForm",""
"passed","Sun Sep 11 21:57:07 IST 2022","Sun Sep 11 21:57:07 IST 2022","251","V1","Quiz","","","","Quiz",""
"passed","Sun Sep 11 21:56:46 IST 2022","Sun Sep 11 21:56:46 IST 2022","305","V1","Evaluater","","","","{id}",""
"passed","Sun Sep 11 21:56:40 IST 2022","Sun Sep 11 21:56:41 IST 2022","374","V1","Mentors","","","","ChangePassword",""
"passed","Sun Sep 11 21:57:06 IST 2022","Sun Sep 11 21:57:06 IST 2022","251","V1","FaqCategories","","","","{id}",""
"passed","Sun Sep 11 21:56:41 IST 2022","Sun Sep 11 21:56:41 IST 2022","180","V1","Mentors","","","","Logout",""
"passed","Sun Sep 11 21:56:37 IST 2022","Sun Sep 11 21:56:38 IST 2022","399","V1","Students","","","","ChangePassword",""
"passed","Sun Sep 11 21:57:09 IST 2022","Sun Sep 11 21:57:10 IST 2022","268","V1","QuizSurveys","","","","Submit responses",""
"passed","Sun Sep 11 21:56:55 IST 2022","Sun Sep 11 21:56:56 IST 2022","206","V1","MentorCourses","","","","Coruse",""
"passed","Sun Sep 11 21:57:03 IST 2022","Sun Sep 11 21:57:03 IST 2022","219","V1","Organization","","","","{id}",""
"passed","Sun Sep 11 21:57:00 IST 2022","Sun Sep 11 21:57:00 IST 2022","223","V1","Notifications","","","","Notifications sent to current user",""
"passed","Sun Sep 11 21:56:54 IST 2022","Sun Sep 11 21:56:55 IST 2022","259","V1","Courses","","","","{id}",""
"passed","Sun Sep 11 21:57:10 IST 2022","Sun Sep 11 21:57:10 IST 2022","216","V1","Worksheets","","","","Worksheets",""
"passed","Sun Sep 11 21:56:37 IST 2022","Sun Sep 11 21:56:37 IST 2022","293","V1","Students","","","","GetStudents",""
"passed","Sun Sep 11 21:57:02 IST 2022","Sun Sep 11 21:57:03 IST 2022","264","V1","Organization","","","","{id}",""
"passed","Sun Sep 11 21:57:06 IST 2022","Sun Sep 11 21:57:06 IST 2022","196","V1","FaqCategories","","","","{id}",""
"passed","Sun Sep 11 21:56:53 IST 2022","Sun Sep 11 21:56:53 IST 2022","340","V1","Course Topics","","","","{id}",""
"passed","Sun Sep 11 21:56:32 IST 2022","Sun Sep 11 21:56:33 IST 2022","491","V1","Admins","","","","ChangePasswordOldPwdNull",""
"passed","Sun Sep 11 21:56:40 IST 2022","Sun Sep 11 21:56:40 IST 2022","346","V1","Mentors","","","","ValidateOTP",""
"passed","Sun Sep 11 21:57:08 IST 2022","Sun Sep 11 21:57:08 IST 2022","211","V1","ReflectiveQuiz","","","","Next question",""
"passed","Sun Sep 11 21:56:59 IST 2022","Sun Sep 11 21:57:00 IST 2022","238","V1","Teams","","","","{id}",""
"passed","Sun Sep 11 21:57:06 IST 2022","Sun Sep 11 21:57:06 IST 2022","283","V1","FaqCategories","","","","{id}",""
"passed","Sun Sep 11 21:56:56 IST 2022","Sun Sep 11 21:56:56 IST 2022","231","V1","MentorCourses","","","","{id}",""
"passed","Sun Sep 11 21:56:56 IST 2022","Sun Sep 11 21:56:56 IST 2022","225","V1","MentorCourses","","","","{id}",""
"passed","Sun Sep 11 21:56:29 IST 2022","Sun Sep 11 21:56:30 IST 2022","722","V1","Admins","","","","LoginWithInvalidUser",""
"passed","Sun Sep 11 21:57:09 IST 2022","Sun Sep 11 21:57:09 IST 2022","237","V1","QuizSurveys","","","",":id",""
"passed","Sun Sep 11 21:56:46 IST 2022","Sun Sep 11 21:56:46 IST 2022","221","V1","Evaluater","","","","{id}",""
"passed","Sun Sep 11 21:56:37 IST 2022","Sun Sep 11 21:56:37 IST 2022","298","V1","Students","","","","Logout",""
"passed","Sun Sep 11 21:56:57 IST 2022","Sun Sep 11 21:56:57 IST 2022","229","V1","Videos","","","","Videos",""
"passed","Sun Sep 11 21:56:39 IST 2022","Sun Sep 11 21:56:39 IST 2022","218","V1","Students","","","","{id}",""
"passed","Sun Sep 11 21:56:55 IST 2022","Sun Sep 11 21:56:55 IST 2022","221","V1","MentorCourses","","","","CourseWithFile",""
"passed","Sun Sep 11 21:56:54 IST 2022","Sun Sep 11 21:56:54 IST 2022","254","V1","Courses","","","","{id}",""
"passed","Sun Sep 11 21:56:42 IST 2022","Sun Sep 11 21:56:43 IST 2022","170","V1","Mentors","","","","{id}",""
"passed","Sun Sep 11 21:56:43 IST 2022","Sun Sep 11 21:56:44 IST 2022","1350","V1","Evaluater","","","","Login",""
"passed","Sun Sep 11 21:56:40 IST 2022","Sun Sep 11 21:56:40 IST 2022","212","V1","Mentors","","","","verifyuser",""
"passed","Sun Sep 11 21:56:32 IST 2022","Sun Sep 11 21:56:32 IST 2022","327","V1","Admins","","","","Logout",""
"passed","Sun Sep 11 21:57:05 IST 2022","Sun Sep 11 21:57:05 IST 2022","237","V1","FaqCategories","","","","FaqCategories",""
"passed","Sun Sep 11 21:57:10 IST 2022","Sun Sep 11 21:57:10 IST 2022","212","V1","Worksheets","","","","worksheets",""
"passed","Sun Sep 11 21:56:58 IST 2022","Sun Sep 11 21:56:59 IST 2022","238","V1","Teams","","","","Teams",""
"passed","Sun Sep 11 21:56:35 IST 2022","Sun Sep 11 21:56:35 IST 2022","439","V1","Students","","","","Login",""
"passed","Sun Sep 11 21:56:33 IST 2022","Sun Sep 11 21:56:33 IST 2022","537","V1","Admins","","","","ChangePasswordNewPwdNull",""
"passed","Sun Sep 11 21:57:04 IST 2022","Sun Sep 11 21:57:04 IST 2022","263","V1","Faqs","","","","Faqs",""
"passed","Sun Sep 11 21:56:37 IST 2022","Sun Sep 11 21:56:37 IST 2022","222","V1","Students","","","","GetStudentsID",""
"passed","Sun Sep 11 21:56:44 IST 2022","Sun Sep 11 21:56:45 IST 2022","413","V1","Evaluater","","","","Register",""
"passed","Sun Sep 11 21:57:02 IST 2022","Sun Sep 11 21:57:02 IST 2022","301","V1","Organization","","","","Organizations",""
"passed","Sun Sep 11 21:57:00 IST 2022","Sun Sep 11 21:57:00 IST 2022","266","V1","Teams","","","","{id}",""
"passed","Sun Sep 11 21:57:03 IST 2022","Sun Sep 11 21:57:03 IST 2022","239","V1","Organization","","","","{id}",""
"passed","Sun Sep 11 21:56:59 IST 2022","Sun Sep 11 21:56:59 IST 2022","251","V1","Teams","","","","Teams{id}",""
"passed","Sun Sep 11 21:57:01 IST 2022","Sun Sep 11 21:57:01 IST 2022","201","V1","Organization","","","","Organizations",""
"passed","Sun Sep 11 21:56:34 IST 2022","Sun Sep 11 21:56:35 IST 2022","314","V1","Admins","","","","DynamicSignupForm",""
"passed","Sun Sep 11 21:57:08 IST 2022","Sun Sep 11 21:57:08 IST 2022","208","V1","Quiz","","","",":id",""
"passed","Sun Sep 11 21:57:08 IST 2022","Sun Sep 11 21:57:08 IST 2022","212","V1","ReflectiveQuiz","","","","Submit response",""
"passed","Sun Sep 11 21:57:03 IST 2022","Sun Sep 11 21:57:04 IST 2022","291","V1","Organization","","","","CrudWithBulkupload",""
"passed","Sun Sep 11 21:56:38 IST 2022","Sun Sep 11 21:56:38 IST 2022","268","V1","Students","","","","ChangePasswordOldPwdNull",""
"passed","Sun Sep 11 21:56:39 IST 2022","Sun Sep 11 21:56:40 IST 2022","433","V1","Mentors","","","","Register",""
"passed","Sun Sep 11 21:57:11 IST 2022","Sun Sep 11 21:57:11 IST 2022","157","V1","Worksheets","","","","{id}",""
"passed","Sun Sep 11 21:56:30 IST 2022","Sun Sep 11 21:56:30 IST 2022","654","V1","Admins","","","","Register",""
"passed","Sun Sep 11 21:57:05 IST 2022","Sun Sep 11 21:57:06 IST 2022","213","V1","FaqCategories","","","","FaqCategories",""
"passed","Sun Sep 11 21:56:56 IST 2022","Sun Sep 11 21:56:56 IST 2022","226","V1","MentorCourses","","","","Course{id}",""
"passed","Sun Sep 11 21:57:01 IST 2022","Sun Sep 11 21:57:02 IST 2022","283","V1","Organization","","","","OrganizationInvalidCheck",""
"passed","Sun Sep 11 21:56:55 IST 2022","Sun Sep 11 21:56:55 IST 2022","299","V1","Courses","","","","Course{id}",""
"passed","Sun Sep 11 21:56:35 IST 2022","Sun Sep 11 21:56:36 IST 2022","469","V1","Students","","","","LoginInvalidData",""
"passed","Sun Sep 11 21:56:59 IST 2022","Sun Sep 11 21:56:59 IST 2022","228","V1","Teams","","","","members",""
"passed","Sun Sep 11 21:57:01 IST 2022","Sun Sep 11 21:57:01 IST 2022","323","V1","Organization","","","","Organization check",""
"passed","Sun Sep 11 21:56:55 IST 2022","Sun Sep 11 21:56:55 IST 2022","196","V1","MentorCourses","","","","Coruse",""
"passed","Sun Sep 11 21:56:32 IST 2022","Sun Sep 11 21:56:32 IST 2022","388","V1","Admins","","","","ChangePassword",""
"passed","Sun Sep 11 21:57:04 IST 2022","Sun Sep 11 21:57:04 IST 2022","385","V1","Faqs","","","","{id}",""
"passed","Sun Sep 11 21:57:07 IST 2022","Sun Sep 11 21:57:08 IST 2022","282","V1","Quiz","","","",":id",""
"passed","Sun Sep 11 21:56:36 IST 2022","Sun Sep 11 21:56:36 IST 2022","521","V1","Students","","","","Register",""
"passed","Sun Sep 11 21:56:30 IST 2022","Sun Sep 11 21:56:31 IST 2022","766","V1","Admins","","","","LoginAfterRegister",""
"passed","Sun Sep 11 21:56:51 IST 2022","Sun Sep 11 21:56:51 IST 2022","277","V1","Course Modules","","","","CourseWithFile",""
"failed","Sun Sep 11 21:57:04 IST 2022","Sun Sep 11 21:57:04 IST 2022","261","V1","Faqs","","","","Faqs",""
"failed","Sun Sep 11 21:56:47 IST 2022","Sun Sep 11 21:56:50 IST 2022","3307","V1","Course Modules","","","","CourseModules",""
"passed","Sun Sep 11 21:56:50 IST 2022","Sun Sep 11 21:56:50 IST 2022","279","V1","Course Modules","","","","CourseModules",""
"passed","Sun Sep 11 21:57:02 IST 2022","Sun Sep 11 21:57:02 IST 2022","287","V1","Organization","","","","withFile",""
"passed","Sun Sep 11 21:56:33 IST 2022","Sun Sep 11 21:56:34 IST 2022","431","V1","Admins","","","","ChangePasswordIDNull",""
"passed","Sun Sep 11 21:56:52 IST 2022","Sun Sep 11 21:56:53 IST 2022","393","V1","Course Topics","","","","{id}",""
"passed","Sun Sep 11 21:56:27 IST 2022","Sun Sep 11 21:56:29 IST 2022","2289","V1","Admins","","","","Login",""
"passed","Sun Sep 11 21:56:50 IST 2022","Sun Sep 11 21:56:50 IST 2022","292","V1","Course Modules","","","","{id}",""
"passed","Sun Sep 11 21:56:58 IST 2022","Sun Sep 11 21:56:58 IST 2022","237","V1","Videos","","","","{id}",""
"passed","Sun Sep 11 21:57:01 IST 2022","Sun Sep 11 21:57:01 IST 2022","304","V1","Notifications","","","","Sent a new Notifications with Poster",""
"passed","Sun Sep 11 21:56:51 IST 2022","Sun Sep 11 21:56:51 IST 2022","219","V1","Course Modules","","","","{id}",""
"passed","Sun Sep 11 21:56:56 IST 2022","Sun Sep 11 21:56:57 IST 2022","225","V1","MentorCourses","","","","Update User Progresss",""
"passed","Sun Sep 11 21:57:05 IST 2022","Sun Sep 11 21:57:05 IST 2022","268","V1","Faqs","","","","{id}",""
"passed","Sun Sep 11 21:56:45 IST 2022","Sun Sep 11 21:56:45 IST 2022","321","V1","Evaluater","","","","Evaluaters",""
"passed","Sun Sep 11 21:56:31 IST 2022","Sun Sep 11 21:56:32 IST 2022","501","V1","Admins","","","","RegisterWithInvalidData",""
"passed","Sun Sep 11 21:57:09 IST 2022","Sun Sep 11 21:57:09 IST 2022","304","V1","QuizSurveys","","","","Submit response",""
"passed","Sun Sep 11 21:56:52 IST 2022","Sun Sep 11 21:56:52 IST 2022","392","V1","Course Topics","","","","CourseTopics",""
"passed","Sun Sep 11 21:56:57 IST 2022","Sun Sep 11 21:56:57 IST 2022","298","V1","Videos","","","","Videos",""
"passed","Sun Sep 11 21:57:11 IST 2022","Sun Sep 11 21:57:11 IST 2022","171","V1","Worksheets","","","","{id}",""
"passed","Sun Sep 11 21:56:38 IST 2022","Sun Sep 11 21:56:39 IST 2022","295","V1","Students","","","","ChangePasswordIDNull",""
"passed","Sun Sep 11 21:56:54 IST 2022","Sun Sep 11 21:56:54 IST 2022","276","V1","Courses","","","","Coruse",""
"passed","Sun Sep 11 21:57:00 IST 2022","Sun Sep 11 21:57:01 IST 2022","280","V1","Notifications","","","","Sent a new Notifications",""
"passed","Sun Sep 11 21:56:58 IST 2022","Sun Sep 11 21:56:58 IST 2022","198","V1","Teams","","","","Teams",""
"passed","Sun Sep 11 21:56:42 IST 2022","Sun Sep 11 21:56:42 IST 2022","178","V1","Mentors","","","","{id}",""
"passed","Sun Sep 11 21:57:08 IST 2022","Sun Sep 11 21:57:09 IST 2022","281","V1","QuizSurveys","","","","quizSurveys",""
"passed","Sun Sep 11 21:56:42 IST 2022","Sun Sep 11 21:56:42 IST 2022","225","V1","Mentors","","","","update mobile",""
"passed","Sun Sep 11 21:56:38 IST 2022","Sun Sep 11 21:56:38 IST 2022","287","V1","Students","","","","ChangePasswordNewPwdNull",""
"passed","Sun Sep 11 21:56:51 IST 2022","Sun Sep 11 21:56:52 IST 2022","420","V1","Course Topics","","","","CourseTopics",""
"failed","Sun Sep 11 21:56:51 IST 2022","Sun Sep 11 21:56:51 IST 2022","261","V1","Course Modules","","","","{id}",""
"passed","Sun Sep 11 21:56:45 IST 2022","Sun Sep 11 21:56:45 IST 2022","385","V1","Evaluater","","","","ChangePassword",""
"passed","Sun Sep 11 21:57:07 IST 2022","Sun Sep 11 21:57:07 IST 2022","254","V1","Quiz","","","","Submit response",""
"passed","Sun Sep 11 21:56:45 IST 2022","Sun Sep 11 21:56:46 IST 2022","237","V1","Evaluater","","","","{id}",""
"passed","Sun Sep 11 21:57:10 IST 2022","Sun Sep 11 21:57:10 IST 2022","225","V1","Worksheets","","","","response",""
"passed","Sun Sep 11 21:56:39 IST 2022","Sun Sep 11 21:56:39 IST 2022","217","V1","Students","","","","{id}",""
"passed","Sun Sep 11 21:56:53 IST 2022","Sun Sep 11 21:56:53 IST 2022","407","V1","Course Topics","","","","{id}",""
"passed","Sun Sep 11 21:56:42 IST 2022","Sun Sep 11 21:56:42 IST 2022","242","V1","Mentors","","","","Mentors",""
"failed","Sun Sep 11 21:56:41 IST 2022","Sun Sep 11 21:56:41 IST 2022","414","V1","Mentors","","","","Login",""
"passed","Sun Sep 11 21:56:58 IST 2022","Sun Sep 11 21:56:58 IST 2022","280","V1","Videos","","","","{id}",""
